Title,Date
Production outages in Asia lend slight support to prices,30-06-2017 15:03
UK consumers suffer longest decline in spending power since 1970s,30-06-2017 15:03
"Market Now: Gammon Infra, GVK Power Infra surge over 10%",30-06-2017 15:01
Global markets: Brightening economy sets euro up for strongest quarter since debt crisis,30-06-2017 15:00
Relying on schemes like Swachh Bharat alone won't meet India's social goals,30-06-2017 14:59
Today's India is different: Jaitley after Beijing's 'remember 1962' jibe,30-06-2017 14:53
New central bank harmony has markets changing their tune,30-06-2017 14:52
"ITC, BASF, Avanti Feeds hit new high",30-06-2017 14:49
"Global equity listings up by a third, but below previous peaks",30-06-2017 14:48
"Markets remain rangebound in afternoon trade; Nifty trades above 9,500",30-06-2017 14:38
GST function: Naidu urges Cong. not to be a spoilsport,30-06-2017 14:35
Investors slowly start to push climate change up their agenda,30-06-2017 14:34
European shares set for biggest monthly loss in a year,30-06-2017 14:25
"Global gold prices steady as dollar falls, but hawkish central banks weigh",30-06-2017 14:12
"It'd be good even if 3-4% of gas comes into the purview of GST: Abhishek Somany, Somany Ceramics",30-06-2017 14:07
Nomura downgrades Fortis Healthcare to neutral,30-06-2017 13:59
Demonetisation: Too little to show for far too much collateral damage,30-06-2017 13:58
119 stocks rally over 100% in first half of 2017,30-06-2017 13:50
"GST launch: who’s in, who’s not",30-06-2017 13:39
Jhunjhunwala says he'll be all cash at some point soon,30-06-2017 13:34
Nomura upgrades Bank of Baroda to buy,30-06-2017 13:29
"CDSL soars 80 percent in debut on rosy outlook, little competition",30-06-2017 13:23
"China blue-chips have best month since November, lifted by MSCI entry",30-06-2017 13:17
Australian shares post biggest falls in seven months; NZ down,30-06-2017 13:13
Sensex falls ahead of GST; set for first monthly loss this year,30-06-2017 13:10
Spot demand lifts nickel and copper in futures trade,30-06-2017 13:09
"Dollar despairs on hawkish central banks, Asia stocks join global slump",30-06-2017 13:08
Nikkei tumbles to 2-week lows as central banks signal cheap money era may end,30-06-2017 13:03
Markets continue trading under pressure in afternoon trade; Realty drags,30-06-2017 13:00
Markets remain rangebound in afternoon trade; Realty drags,30-06-2017 13:00
"Ignore doomsayers, sit back & enjoy the market: Jhunjhunwala",30-06-2017 12:58
What is GST and how will it affect you? All your questions answered,30-06-2017 12:58
"We are fully prepared for the GST roll-out: Madhavan Menon, Chairman & MD, Thomas Cook",30-06-2017 12:56
GST rollout: guidelines for consumers,30-06-2017 12:56
Chinese yuan on track for best quarter since 2008; won touches 11-week low,30-06-2017 12:54
GST transition to pose hurdles: ADB,30-06-2017 12:54
"Agri-commodity: Mentha, crude oil, jeera up, cardamom down",30-06-2017 12:53
"Dollar despairs on hawkish central banks, Asia stocks join global slump",30-06-2017 12:52
"LNG price row between India, U.S. crimps Trump's export aims",30-06-2017 12:50
"Job chucker at 22, anti-hunger hero Ankit Kawatra is feted by Queen at 25",30-06-2017 12:50
Dr Lal PathLabs hits 52-week low after block deals,30-06-2017 12:49
Exclusive: Indian Railways safety overhaul at risk due to rail shortage - documents,30-06-2017 12:44
Kesoram surges on buyback from Camden Industries,30-06-2017 12:44
"Look, who is going to get hurt by GST? They rule the market, but pay little tax",30-06-2017 12:44
InterGlobe shares tank 6% as IndiGo warms up to Air India buy,30-06-2017 12:42
"Market Now: JP Associates, GMR Infra among most traded stocks in a cautious market",30-06-2017 12:34
"Sensex trades flat, Nifty below 9,500; broader markets buck trend",30-06-2017 12:34
"Jhunjhunwala says can't assess GST gains, but sure of double-digit growth from FY20",30-06-2017 12:21
"Top intraday trading ideas for afternoon trade for Friday, 30 June 2017",30-06-2017 12:18
China M&A scrutiny to cast shadow on Asia deals volume,30-06-2017 12:18
IndiGO continues fall over Air India stake interest; sheds over 5%,30-06-2017 12:16
Race to buy $10 billion-valued GLP narrows down to two groups - sources,30-06-2017 12:15
What changed your market while you were sleeping,29-06-2017 07:40
Gold steady as dollar hovers near ten-month lows,29-06-2017 06:32
"Dollar upended by rates reversal, stocks calm for now",29-06-2017 06:10
"Dollar upended by rates reversal, stocks calm for now",29-06-2017 06:10
Today's picks: 29 June 2017,29-06-2017 06:00
"Oil rises for sixth session, buoyed by U.S. output decline",29-06-2017 05:54
"Oil rises for sixth session, buoyed by U.S. output decline",29-06-2017 05:54
"Meal-kit maker Blue Apron goes public, demand underwhelms as Amazon looms",29-06-2017 05:31
"At BMW India, 50% of the car's price is just taxes, says Vikram Pawah",29-06-2017 05:08
"Fifty per cent of a BMW car's price is taxes, says Vikram Parwah",29-06-2017 05:07
"Meal-kit maker Blue Apron goes public, demand underwhelms as Amazon looms",29-06-2017 04:36
Human trafficking annual report: US continues to label India as Tier-II,29-06-2017 04:36
"Fed gives big U.S. banks a green light for buyback, dividend plans",29-06-2017 04:29
"34 biggest US banks get Fed go-ahead to boost dividends, buyback",29-06-2017 04:29
$2.7-bn EU fine: What Google can learn from Microsoft's regulatory battle,29-06-2017 04:25
Meal-kit company Blue Apron slashes IPO valuation expectations,29-06-2017 04:14
7th Pay Commission: Highlights of Cabinet nod on allowances for govt staff,29-06-2017 03:55
"Now, unlock your smartphone with fingerprint by just touching the screen",29-06-2017 03:53
"Citigroup boosts buybacks, dividends beyond Wall Street expectations",29-06-2017 03:38
Buffett's Berkshire on verge of becoming BofA's top shareholder,29-06-2017 03:36
Rolls-Royce drivers are a lot younger than you think,29-06-2017 03:35
"TCS races past RIL by Rs 8,500 cr to reclaim status as most valued company",29-06-2017 03:21
Flipkart takes time to unveil Snapdeal offer,29-06-2017 03:19
"With 1,600 hired in 6 months, half of Wipro's 14,000 US staff are Americans",29-06-2017 03:11
YC Deveshwar may get a Rs 1 cr monthly pay; ITC to seek shareholders' nod,29-06-2017 03:02
"Citigroup boosts buybacks, dividends beyond Wall Street expectations",29-06-2017 03:01
"L&T Finance Holdings and group to raise Rs 15,000 cr for IPO finance",29-06-2017 02:55
"GST on beedi: High tax rate could help Naxalites, fears RSS affiliate",29-06-2017 02:50
U.S. judge allows some VW investor diesel claims to proceed,29-06-2017 02:49
Debt-hit Gammon wants shareholders' nod for excess pay to CMD Rajan,29-06-2017 02:36
Niti Aayog wants greater role for oil & natural gas board in upstream biz,29-06-2017 02:35
"Fed gives big U.S. banks a green light for buyback, dividend plans",29-06-2017 02:34
Citigroup plans $18.9 billion capital payout over next four quarters,29-06-2017 02:27
Citigroup plans $18.9 billion capital payout over next four quarters,29-06-2017 02:27
"Petya ransomware attack: JNPT, other Indian firms affected",29-06-2017 02:25
VW-Tata alliance likely to be called off,29-06-2017 02:06
"Fed gives big U.S. banks a green light for buyback, dividend plans",29-06-2017 02:04
BEPS implementation seen clashing with domestic laws,29-06-2017 02:00
Oil block licensing: Open acreage replaces NELP as new policy regime,29-06-2017 01:51
"After GM exit, Chinese JV Partner SAIC to enter India with MG brand",29-06-2017 01:47
Commodity markets turn bearish as prices fall,29-06-2017 01:47
15 of 26 India-Israel farm projects operational; rest to start next year,29-06-2017 01:40
Cabinet green light to Air India disinvestment,29-06-2017 01:34
Nestle plan hailed as only the start of Schneider's shake-up,29-06-2017 01:16
Investors stay bullish on fintech bandwagon,29-06-2017 01:05
"In EU dealings, Google could learn from an erstwhile rival",29-06-2017 00:55
Market round-up:  Oil’s bearish bets prompt warning of violent rally,29-06-2017 00:35
Debt biggest challenge for Air India's disinvestment,29-06-2017 00:26
Mindtree Board approves Rs 270 crore buyback plan,28-06-2017 23:57
"GST, monsoon key triggers for market: Reliance Securities CEO",28-06-2017 23:55
Higher taxes dent growth of local hedge funds,28-06-2017 23:45
Nestle plan hailed as only the start of Schneider's shake-up,28-06-2017 23:32
JSW loans to loss-making entity co-owned by Sajjan Jindal's wife draw ire,28-06-2017 23:26
Cabinet approves plan to privatise Air India,28-06-2017 23:17
Govt. approves 7th Pay Commission recommendations,28-06-2017 23:10
FPI count grows marginally in 4 years,28-06-2017 23:10
Govt. approves 7th Pay Commission recommendations,28-06-2017 23:08
Wipro touts U.S. jobs amid visa uncertainty,28-06-2017 22:32
Debt biggest challenge for Air India's disinvestment,28-06-2017 22:21
"GST on beedi: High tax rate could help Naxalites, fears RSS affiliate",28-06-2017 22:21
"Reliance Jio files 54 global patents in FY17, says it is 'future ready'",28-06-2017 22:17
"China’s SAIC enters India, to produce cars by 2019",28-06-2017 22:16
Asian Development Bank issues Rs14 billion rupee-linked bonds,28-06-2017 22:11
"China’s SAIC enters India, to produce cars by 2019",28-06-2017 22:09
Wipro touts U.S. jobs amid visa uncertainty,28-06-2017 22:03
"Sri Lanka, India to set up solar unit soon",28-06-2017 22:00
Debt biggest challenge for Air India's disinvestment,28-06-2017 21:58
"Sri Lanka, India to set up solar unit soon",28-06-2017 21:49
ADB issues Rs 14 billion Indian rupee linked bonds,28-06-2017 21:42
Westinghouse’s $20 billion nuclear deal needs a reboot,28-06-2017 21:41
Westinghouse’s $20 billion nuclear deal needs a reboot,28-06-2017 21:41
Hindustan Petroleum in dollar market to sell $500 million bonds,28-06-2017 21:41
AIG shareholders approve $9.58 million for ex-CEO's 2016 compensation,28-06-2017 21:33
Govt. unveils new hydrocarbon policy,28-06-2017 21:32
"Niti Aayog moots new regulator for coal, gas ",28-06-2017 21:31
"Axis Bank raises Rs 3,500 crore to augment tier-I capital",28-06-2017 21:24
"Govt to divest 5% in RCF on 29-30 June, to raise Rs 200 crore",28-06-2017 21:24
Govt. unveils new hydrocarbon policy,28-06-2017 21:23
"British supermarket chain Tesco to cut 1,200 head office jobs",28-06-2017 21:22
Govt to divest 5% in RCF on Jun 29-30; to raise Rs 200cr,28-06-2017 21:22
Jute accessories like bags to be sold online,28-06-2017 21:18
Cabinet green light to Air India disinvestment,28-06-2017 21:09
InFocus lines up $10 mn for India phone sales,28-06-2017 21:06
Meat processor cuts deal with ABC in 'pink slime' defamation case,28-06-2017 21:02
‘We have shifted from selling to counselling’,28-06-2017 20:55
 Sensex moves down ahead of F&O expiry ,28-06-2017 10:19
"Tejas Networks gains after Abu Dhabi Investment, Amansa Holdings buy stake",28-06-2017 10:19
Country Club jumps 10% as firm plans asset sale to pay debt,28-06-2017 10:13
Sensex opens on a negative note,28-06-2017 10:11
Market Now: GlaxoSmithKline Pharma shares slip as Nomura cuts target price,28-06-2017 10:10
Oil prices weighed down as U.S. inventory gains revive glut worries,28-06-2017 10:07
"86% dead in cow-related violence since 2010 are Muslim, 97% attacks after Modi came to power",28-06-2017 10:05
"Gold firm as U.S. healthcare vote delay weighs on stocks, dollar",28-06-2017 09:56
"Sensex trades flat, Nifty hovers around 9,500 ahead of derivatives expiry",28-06-2017 09:56
"Rough diamonds dull in US, glitters in India",28-06-2017 09:54
"Bears gaining clout, but these 12 stock ideas can still work",28-06-2017 09:53
Asia stocks pressured as Wall Street hit by healthcare vote delay,28-06-2017 09:53
"Bain, Cinven discussing new offer for Stada - sources",27-06-2017 17:56
GST rollout rehearsal: Govt to conduct mock-launch in Parliament tomorrow,27-06-2017 17:54
"Oil prices up on weaker dollar, but supply glut caps gain",27-06-2017 17:53
"ETMarkets Evening Podcast: Markets fall, what should be your next step?",27-06-2017 17:52
Why crude oil prices at $50 is a sweet spot for oil producers,27-06-2017 17:46
28 June 2017: Best health plans for you ,27-06-2017 17:42
"OPEC in no rush on deeper oil output cut, to look at in July - delegates",27-06-2017 17:40
"GM's India exit: Dealers fear 15,000 job losses, seek govt intervention",27-06-2017 17:31
"The nominee is a trustee, not an owner. Assets always belong to the legal heirs",27-06-2017 17:26
Axis Nifty ETF: another taker for EPFO money?,27-06-2017 17:24
Bank passbooks will get more readable,27-06-2017 17:24
GST effect: Coke to hike price of fizzy drinks,27-06-2017 17:20
RIL seeks shareholders’ nod to limit non-promoter holding below 5%,27-06-2017 17:18
How much tax do you pay on your investments?,27-06-2017 17:14
Hong Kong wealth gap at its widest in decades as handover anniversary nears,27-06-2017 17:12
Interview: Vitol's Taylor sees Brent oil trading at $40-$55 as U.S. output rises,27-06-2017 17:10
EU fines Google record $2.7 billion in first antitrust case,27-06-2017 17:07
"A Tata Group stock could prove to be a dark horse after GST: Rajen Shah, Tradebulls",27-06-2017 17:05
Panama leaks case: JIT summons Pak PM's daughter Maryam Nawaz on July 5,27-06-2017 17:03
EU fines Google record $2.7 billion in first antitrust case,27-06-2017 17:00
"Tech View: Nifty breaks support trendline, forms a bearish candle",27-06-2017 17:00
"Global stocks, dollar ease as central bank officials take centre stage",27-06-2017 16:59
"Cruise policy next month, India to attract 700 vessels: Gadkari",27-06-2017 16:58
Are debt funds always better than fixed deposits?,27-06-2017 16:57
"Cruise policy next month, India to attract 700 vessels: Gadkari",27-06-2017 16:57
"Nifty to hit over 10,000 level this fiscal, markets eye GST: HDFC securities",27-06-2017 16:53
Euro zone bond yields jump as Draghi opens door to policy tweak,27-06-2017 16:52
Analysis: The mysterious (and continuing) fall in Saudi foreign reserves,27-06-2017 16:50
ETMarkets After Hours: PSU banks slip up to 5%; 60 stocks at fresh 52-week lows,27-06-2017 16:44
EU hits Google with record 2.42 billion euro antitrust fine,27-06-2017 16:41
"F&O: 9,580-9,600 zone likely to act as strong barrier for Nifty50",27-06-2017 16:37
"B2C consumer cos likely to fare best under GST: Lalit Nambiar, UTI Mutual Fund",27-06-2017 16:34
A look back at the EU's 7 years of legal battle with Google ,27-06-2017 16:34
"In Amazon's shadow, hedge funds take aim at Brexit-hit retailers",27-06-2017 16:33
Reliance Industries to seek shareholder approval to raise $3.9 billion via debentures,27-06-2017 16:30
A look back at the EU's 7 years of legal battle with Google ,27-06-2017 16:24
"Sensex tanks 180 points, Nifty50 holds 9,500; banking stocks weigh",27-06-2017 16:23
Wind power's big bet: turbines taller than skyscrapers,27-06-2017 16:22
"M&M's tractor business turns more fertile than SUVs, CVs",27-06-2017 16:22
"India a pawn? China says India playing into US hands, result to be terrible",27-06-2017 16:20
"Once on the outside, conservative Koch network warms to Trump",27-06-2017 16:14
"Aadhaar row: No citizen will be deprived of social benefits, govt tells SC",27-06-2017 16:11
"2 stocks to help in wealth creation: Siddharth Sedani, Anand Rathi",27-06-2017 16:07
Nifty ends at one-month low; banks weigh,27-06-2017 16:02
European Union slaps Google with record $2.7 billion fine,27-06-2017 16:01
"Tejas Networks makes quiet debut, ends 2% higher against issue price",27-06-2017 15:58
"Sensex hits one-month low, ends below 31,000; PSU banks lead decline",27-06-2017 15:40
Cadila Healthcare aims to double US business to $1 billion in 3 years,27-06-2017 15:38
EU hits Google with record 2.42 billion euro antitrust fine,27-06-2017 15:35
"Vivo retains IPL title sponsorship; to pay Rs 2,199 cr to BCCI over 5 yrs",27-06-2017 15:35
Sebi bans Merlin Agri Projects from capital markets,27-06-2017 15:28
Decoding Iranian supreme leader Khameinei's comments on Kashmir,27-06-2017 15:28
No tax except on marginal profit made by second-hand car dealers: Hasmukh Adhia,27-06-2017 15:27
EU antitrust regulators hit Google with record 2.42 billion euro fine,27-06-2017 15:22
"Market Now: Nifty FMCG only sectoral gainer; United Spirits, ITC up",27-06-2017 15:14
"Fitch cuts BoI viability rating, maintains negative outlook on Indian banks",27-06-2017 15:13
"Cement capacity addition slows down on tapering demand, supply glut",27-06-2017 15:13
"Gold prices shine on global cues, jewellers’ buying",27-06-2017 14:56
"Oil up on weaker dollar, supply glut caps gain",27-06-2017 14:53
"Sun Pharma, NIV to jointly test drugs for Zika, chikungunya and dengue",27-06-2017 14:47
China pumps cash into African floating LNG projects in strategic push,27-06-2017 14:43
Italy bank rescue divides Europe,27-06-2017 14:40
"Market Now: Pharma stocks fall; Piramal, Cipla top losers",27-06-2017 14:33
"Gold prices shine on global cues, jewellers' buying",27-06-2017 14:31
"PSU banks under pressure; PNB, Andhra Bank down 5%",27-06-2017 14:29
"Global stocks, dollar ease ahead of slew of central bank speeches",27-06-2017 14:18
"Global stocks, dollar ease ahead of slew of central bank speeches",27-06-2017 14:18
"Japanese stocks edge towards 2-year high, dollar firms before Yellen",27-06-2017 14:15
"Japanese stocks edge towards 2-year high, dollar firms before Yellen",27-06-2017 14:15
Air India: Divestment of govt stake unlikely this financial year,27-06-2017 14:15
Impact of GST will be less than that caused by VAT in 2006: Hasmukh Adhia,27-06-2017 14:14
"Euro, bond yields rise after Draghi comments on economy",27-06-2017 14:08
Trump-Modi joint statement strongly affirms US-India security ties,27-06-2017 14:08
"CORRECTED - Japanese stocks edge towards 2-year high, dollar firms before Yellen",27-06-2017 14:05
SpiceJet’s turnaround story: From forced grounding to world's top airline stock in 2 years,27-06-2017 14:03
Piramal Enterprises to raise up to Rs 500 crore via NCDs,27-06-2017 14:01
Piramal Enterprises to raise up to Rs500 crore via NCDs,27-06-2017 13:51
Technical charts suggest Nifty50 rally has come to a halt,27-06-2017 13:50
"Trump-Modi meet highlights: US backs India on Pak terror, silent on H-1B",27-06-2017 13:48
"Markets hit one-month low; Nifty dips below 9,500; PSU banks lead decline",27-06-2017 13:42
"BSE, NSE to launch F&O contracts in ICICI Pru Life, four others",27-06-2017 13:35
" BSE, NSE to launch F&O contracts in ICICI Pru Life, 4 others ",27-06-2017 13:31
" BSE, NSE to launch F&O contracts in ICICI Pru Life, 4 others ",27-06-2017 13:29
Asian currencies little changed ahead of Yellen speech,27-06-2017 13:26
"BSE, NSE to launch F&O contracts in ICICI Pru Life, 4 others",27-06-2017 13:25
