SYMBOL,NAMEOFCOMPANY,SERIES
20MICRONS,20 Microns,EQ
21STCENMGM,21st Century Management Services,BE
3IINFOTECH,3i Infotech,EQ
3MINDIA,3M India,EQ
5PAISA,5Paisa Capital,EQ
63MOONS,63 moons technologies,EQ
8KMILES,8K Miles Software Services,EQ
A2ZINFRA,A2Z Infra Engineering,EQ
AARTIDRUGS,Aarti Drugs,EQ
AARTIIND,Aarti Industries,EQ
AARVEEDEN,Aarvee Denims & Exports,EQ
ABAN,Aban Offshore,EQ
ABB,ABB India,EQ
ABBOTINDIA,Abbott India,EQ
ABCAPITAL,Aditya Birla Capital,EQ
ABFRL,Aditya Birla Fashion and Retail,EQ
ABGSHIP,ABG Shipyard,BZ
ABMINT,ABM International,BE
ACC,ACC,EQ
ACCELYA,Accelya Kale Solutions,EQ
ACE,Action Construction Equipment,EQ
ADANIENT,Adani Enterprises,EQ
ADANIPORTS,Adani Ports and Special Economic Zone,EQ
ADANIPOWER,Adani Power,EQ
ADANITRANS,Adani Transmission,EQ
ADFFOODS,ADF Foods,EQ
ADHUNIK,Adhunik Metaliks,BE
ADHUNIKIND,Adhunik Industries,BE
ADLABS,Adlabs Entertainment,BE
ADORWELD,Ador Welding,EQ
ADSL,Allied Digital Services,BE
ADVANIHOTR,Advani Hotels & Resorts (India),EQ
ADVENZYMES,Advanced Enzyme Technologies,EQ
AEGISCHEM,Aegis Logistics,EQ
AFL,Accel Frontline,EQ
AGARIND,Agarwal Industrial Corporation,BE
AGCNET,AGC Networks,BE
AGLSL,Artemis Global Life Sciences,EQ
AGRITECH,Agri-Tech (India),EQ
AHLEAST,Asian Hotels (East),EQ
AHLUCONT,Ahluwalia Contracts (India),EQ
AHLWEST,Asian Hotels (West),BE
AIAENG,AIA Engineering,EQ
AICHAMP,AI Champdany Industries,BE
AIFL,Ashapura Intimates Fashion,EQ
AJANTPHARM,Ajanta Pharma,EQ
AJMERA,Ajmera Realty & Infra India,EQ
AKSHARCHEM,AksharChem India,EQ
AKSHOPTFBR,Aksh Optifibre,BE
AKZOINDIA,Akzo Nobel India,EQ
ALANKIT,Alankit,EQ
ALBERTDAVD,Albert David,BE
ALBK,Allahabad Ban,EQ
ALCHEM,Alchemist,BE
ALEMBIC,Alembic,EQ
ALICON,Alicon Castalloy,EQ
ALKALI,Alkali Metals,EQ
ALKEM,Alkem Laboratories,EQ
ALKYLAMINE,Alkyl Amines Chemicals,EQ
ALLCARGO,Allcargo Logistics,EQ
ALLSEC,Allsec Technologies,EQ
ALMONDZ,Almondz Global Securities,BE
ALOKTEXT,Alok Industries,BE
ALPA,Alpa Laboratories,EQ
ALPHAGEO,Alphageo (India),EQ
ALPSINDUS,Alps Industries,BE
AMARAJABAT,Amara Raja Batteries,EQ
AMBER,Amber Enterprises India,EQ
AMBIKCO,Ambika Cotton Mills,EQ
AMBUJACEM,Ambuja Cements,EQ
AMDIND,AMD Industries,EQ
AMJLAND,Amj Land Holdings,EQ
AMRUTANJAN,Amrutanjan Health Care,EQ
AMTEKAUTO,Amtek Auto,BE
ANANTRAJ,Anant Raj,EQ
ANDHRABANK,Andhra Ban,EQ
ANDHRACEMT,Andhra Cements,EQ
ANDHRSUGAR,The Andhra Sugars,EQ
ANGIND,ANG Industries,BE
ANIKINDS,Anik Industries,EQ
ANSALAPI,Ansal Properties & Infrastructure,EQ
ANSALHSG,Ansal Housing and Construction,EQ
ANTGRAPHIC,Antarctica,BE
APARINDS,Apar Industries,EQ
APCL,Anjani Portland Cement,EQ
APCOTEXIND,Apcotex Industries,EQ
APEX,Apex Frozen Foods,EQ
APLAPOLLO,APL Apollo Tubes,EQ
APL,Alembic Pharmaceuticals,EQ
APOLLO,Apollo Micro Systems,BE
APOLLOHOSP,Apollo Hospitals Enterprise,EQ
APOLLOTYRE,Apollo Tyres,EQ
APOLSINHOT,Apollo Sindoori Hotels,EQ
APTECHT,Aptech,EQ
ARCHIDPLY,Archidply Industries,EQ
ARCHIES,Archies,EQ
ARCOTECH,Arcotech,EQ
ARENTERP,Rajdarshan Industries,EQ
ARIES,Aries Agro,BE
ARIHANT,Arihant Foundations & Housing,BE
ARIHANTSUP,Arihant Superstructures,EQ
ARMANFIN,Arman Financial Services,BE
AROGRANITE,Aro Granite Industries,EQ
ARROWGREEN,Arrow Greentech,EQ
ARROWTEX,Arrow Textiles,EQ
ARSHIYA,Arshiya,EQ
ARSSINFRA,ARSS Infrastructure Projects,BE
ARVIND,Arvind,EQ
ARVSMART,Arvind SmartSpaces,EQ
ASAHIINDIA,Asahi India Glass,EQ
ASAHISONG,Asahi Songwon Colors,EQ
ASAL,Automotive Stampings and Assemblies,EQ
ASHAPURMIN,Ashapura Minechem,EQ
ASHIANA,Ashiana Housing,EQ
ASHIMASYN,Ashima,EQ
ASHOKA,Ashoka Buildcon,EQ
ASHOKLEY,Ashok Leyland,EQ
ASIANHOTNR,Asian Hotels (North),EQ
ASIANPAINT,Asian Paints,EQ
ASIANTILES,Asian Granito India,EQ
ASPINWALL,Aspinwall and Company,EQ
ASSAMCO,Assam Company India,BE
ASTEC,Astec LifeSciences,EQ
ASTRAL,Astral Poly Technik,EQ
ASTRAMICRO,Astra Microwave Products,EQ
ASTRAZEN,AstraZeneca Pharma India,EQ
ASTRON,Astron Paper & Board Mill,EQ
ATFL,Agro Tech Foods,EQ
ATLANTA,Atlanta ,EQ
ATLASCYCLE,Atlas Cycles (Haryana),BE
ATUL,Atul,EQ
ATULAUTO,Atul Auto,EQ
AUBANK,AU Small Finance Bank,EQ
AURIONPRO,Aurionpro Solutions,EQ
AUROPHARMA,Aurobindo Pharma,EQ
AUSOMENT,Ausom Enterprise,EQ
AUTOAXLES,Automotive Axles,EQ
AUTOIND,Autoline Industries,BE
AUTOLITIND,Autolite (India),EQ
AVADHSUGAR,Avadh Sugar & Energy,EQ
AVANTIFEED,Avanti Feeds,EQ
AVTNPL,AVT Natural Products,EQ
AXISBANK,Axis Bank,EQ
AXISCADES,AXISCADES Engineering Technologies,EQ
AYMSYNTEX,AYM Syntex,EQ
BAFNAPHARM,Bafna Pharmaceuticals,EQ
BAGFILMS,B.A.G Films and Media,BE
BAJAJ-AUTO,Bajaj Auto,EQ
BAJAJCORP,Bajaj Corp,EQ
BAJAJELEC,Bajaj Electricals,EQ
BAJAJFINSV,Bajaj Finserv,EQ
BAJAJHIND,Bajaj Hindusthan Sugar,EQ
BAJAJHLDNG,Bajaj Holdings & Investment,EQ
BAJFINANCE,Bajaj Finance,EQ
BALAJITELE,Balaji Telefilms,EQ
BALAMINES,Balaji Amines,EQ
BALAXI,Balaxi Ventures,BE
BALKRISHNA,Balkrishna Paper Mills,BE
BALKRISIND,Balkrishna Industries,EQ
BALLARPUR,Ballarpur Industries,EQ
BALMLAWRIE,Balmer Lawrie & Company,EQ
BALPHARMA,Bal Pharma,EQ
BALRAMCHIN,Balrampur Chini Mills,EQ
BANARBEADS,Banaras Beads,BE
BANARISUG,Bannari Amman Sugars,EQ
BANCOINDIA,Banco Products (I),EQ
BANG,Bang Overseas,EQ
BANKBARODA,Bank of Barod,EQ
BANKINDIA,Bank of Indi,EQ
BANSWRAS,Banswara Syntex,EQ
BARTRONICS,Bartronics India,BE
BASF,BASF India,EQ
BASML,Bannari Amman Spinning Mills,EQ
BATAINDIA,Bata India,EQ
BAYERCROP,Bayer Cropscience,EQ
BBL,Bharat Bijlee,EQ
BBTC,Bombay Burmah Trading Corporation,EQ
BEARDSELL,Beardsell,EQ
BEDMUTHA,Bedmutha Industries,EQ
BEL,Bharat Electronics,EQ
BEML,BEML,EQ
BEPL,Bhansali Engineering Polymers,EQ
BERGEPAINT,Berger Paints (I),EQ
BFINVEST,BF Investment,EQ
BFUTILITIE,BF Utilities,EQ
BGLOBAL,Bharatiya Global Infomedia,BE
BGRENERGY,BGR Energy Systems,EQ
BHAGERIA,Bhageria Industries,EQ
BHAGYANGR,Bhagyanagar India,EQ
BHAGYAPROP,Bhagyanagar Properties,EQ
BHANDARI,Bhandari Hosiery Exports,BE
BHARATFIN,Bharat Financial Inclusion,EQ
BHARATFORG,Bharat Forge,EQ
BHARATGEAR,Bharat Gears,EQ
BHARATIDIL,Bharati Defence and Infrastructure,BZ
BHARATRAS,Bharat Rasayan,EQ
BHARATWIRE,Bharat Wire Ropes,EQ
BHARTIARTL,Bharti Airtel,EQ
BHEL,Bharat Heavy Electricals,EQ
BHUSANSTL,Bhushan Steel,EQ
BIGBLOC,Bigbloc Construction,EQ
BIL,Bhartiya International,EQ
BILENERGY,Bil Energy Systems,BE
BILPOWER,Bilpower ,EQ
BINANIIND,Binani Industries,BE
BINDALAGRO,Oswal Chemicals & Fertilizers,EQ
BIOCON,Biocon,EQ
BIOFILCHEM,Biofil Chemicals & Pharmaceuticals,BE
BIRLACABLE,Birla Cable,BE
BIRLACORPN,Birla Corporation,EQ
BIRLAMONEY,Aditya Birla Money,EQ
BKMINDST,Bkm Industries,EQ
BLBLIMITED,BLB,BE
BLISSGVS,Bliss GVS Pharma,EQ
BLKASHYAP,B. L. Kashyap and Sons,EQ
BLS,BLS International Services,EQ
BLUEBLENDS,Blue Blends (I),EQ
BLUECHIP,Blue Chip India,BE
BLUECOAST,Blue Coast Hotels,EQ
BLUEDART,Blue Dart Express,EQ
BLUESTARCO,Blue Star,EQ
BODALCHEM,Bodal Chemicals,EQ
BOMDYEING,Bombay Dyeing & Mfg Company,EQ
BOSCH,Bosch,EQ
BPCL,Bharat Petroleum Corporation,EQ
BPL,BPL,EQ
BRFL,Bombay Rayon Fashions,EQ
BRIGADE,Brigade Enterprises,EQ
BRITANNIA,Britannia Industries,EQ
BRNL,Bharat Road Network,EQ
BROOKS,Brooks Laboratories,EQ
BSELINFRA,BSEL Infrastructure Realty,BE
BSL,BSL,EQ
BURNPUR,Burnpur Cement,BE
BUTTERFLY,Butterfly Gandhimathi Appliances,BE
BVCL,Barak Valley Cements,BE
BYKE,The Byke Hospitality,EQ
CADILAHC,Cadila Healthcare,EQ
CALSOFT,California Software Company,BE
CALSOFT,California Software Company,BZ
CAMLINFINE,Camlin Fine Sciences,EQ
CANBK,Canara Ban,EQ
CANDC,C & C Constructions,BE
CANFINHOME,Can Fin Homes,EQ
CANTABIL,Cantabil Retail India,EQ
CAPACITE,Capacit'e Infraprojects,EQ
CAPF,Capital First,EQ
CAPLIPOINT,Caplin Point Laboratories,EQ
CAPTRUST,Capital Trust,EQ
CARBORUNIV,Carborundum Universal,EQ
CAREERP,Career Point,EQ
CARERATING,CARE Ratings,EQ
CASTEXTECH,Castex Technologies,BE
CASTROLIND,Castrol India,EQ
CCCL,Consolidated Construction Consortium,BE
CCHHL,Country Club Hospitality & Holidays,BE
CCL,CCL Products (India),EQ
CDSL,Central Depository Services (India),EQ
CEAT,CEAT,EQ
CEBBCO,Commercial Engineers & Body Builders Co,BE
CELEBRITY,Celebrity Fashions,EQ
CELESTIAL,Celestial Biolabs,EQ
CENTENKA,Century Enka,EQ
CENTEXT,Century Extrusions,EQ
CENTRALBK,Central Bank of Indi,EQ
CENTUM,Centum Electronics,EQ
CENTURYPLY,Century Plyboards (India),EQ
CENTURYTEX,Century Textiles & Industries,EQ
CERA,Cera Sanitaryware,EQ
CEREBRAINT,Cerebra Integrated Technologies,EQ
CESC,CESC,EQ
CGCL,Capri Global Capital,EQ
CGPOWER,CG Power and Industrial Solutions,EQ
CHAMBLFERT,Chambal Fertilizers & Chemicals,EQ
CHENNPETRO,Chennai Petroleum Corporation,EQ
CHOLAFIN,Cholamandalam Investment and Finance Company,EQ
CHROMATIC,Chromatic India,BE
CIGNITITEC,Cigniti Technologies,BE
CIMMCO,Cimmco,BE
CINELINE,Cineline India,EQ
CINEVISTA,Cinevista,BE
CIPLA,Cipla,EQ
CLEDUCATE,CL Educate,EQ
CLNINDIA,Clariant Chemicals (India),EQ
CMICABLES,CMI,EQ
CNOVAPETRO,CIL Nova Petrochemicals,EQ
COALINDIA,Coal India,EQ
COCHINSHIP,Cochin Shipyard,EQ
COFFEEDAY,Coffee Day Enterprises,EQ
COLPAL,Colgate Palmolive (India),EQ
COMPINFO,Compuage Infocom,EQ
COMPUSOFT,Compucom Software,BE
CONCOR,Container Corporation of India,EQ
CONSOFINVT,Consolidated Finvest & Holdings,EQ
CONTROLPR,Control Print,EQ
CORALFINAC,Coral India Finance & Housing,EQ
CORDSCABLE,Cords Cable Industries,BE
COROMANDEL,Coromandel International,EQ
CORPBANK,Corporation Ban,EQ
COSMOFILMS,Cosmo Films,EQ
COUNCODOS,Country Condo's,BE
COX&KINGS,Cox & Kings,EQ
CREATIVEYE,Creative Eye,EQ
CREST,Crest Ventures,EQ
CRISIL,CRISIL,EQ
CROMPTON,Crompton Greaves Consumer Electricals,EQ
CTE,Cambridge Technology Enterprises,EQ
CUB,City Union Bank,EQ
CUBEXTUB,Cubex Tubings,BE
CUMMINSIND,Cummins India,EQ
CUPID,Cupid,EQ
CURATECH,Cura Technologies,BE
CYBERMEDIA,Cyber Media (India),BE
CYBERTECH,Cybertech Systems And Software,EQ
CYIENT,Cyient,EQ
DAAWAT,LT Foods,EQ
DABUR,Dabur India,EQ
DALMIABHA,Dalmia Bharat,EQ
DALMIASUG,Dalmia Bharat Sugar and Industries,EQ
DAMODARIND,Damodar Industries,EQ
DATAMATICS,Datamatics Global Services,EQ
DBCORP,D.B.Corp,EQ
DBL,Dilip Buildcon,EQ
DBREALTY,D B Realty,EQ
DBSTOCKBRO,DB (International) Stock Brokers,EQ
DCAL,Dishman Carbogen Amcis,EQ
DCBBANK,DCB Bank,EQ
DCM,DCM ,EQ
DCMSHRIRAM,DCM Shriram,EQ
DCW,DCW,BE
DECCANCE,Deccan Cements,EQ
DEEPAKFERT,Deepak Fertilizers and Petrochemicals Corporation,EQ
DEEPAKNTR,Deepak Nitrite,EQ
DEEPIND,Deep Industries,EQ
DELTACORP,Delta Corp,EQ
DELTAMAGNT,Delta Magnets,BE
DEN,Den Networks,EQ
DENABANK,Dena Ban,EQ
DENORA,De Nora India,EQ
DFMFOODS,DFM Foods,EQ
DHAMPURSUG,Dhampur Sugar Mills,EQ
DHANBANK,Dhanlaxmi Bank,EQ
DHANUKA,Dhanuka Agritech,EQ
DHARSUGAR,Dharani Sugars & Chemicals,EQ
DHFL,Dewan Housing Finance Corporation,EQ
DHUNINV,Dhunseri Investments,EQ
DIAMONDYD,Prataap Snacks,EQ
DIAPOWER,Diamond Power Infra,EQ
DICIND,DIC India,EQ
DIGJAM,Digjam,BE
DISHTV,Dish TV India,EQ
DIVISLAB,Divi's Laboratories,EQ
DIXON,Dixon Technologies (India),EQ
DLF,DLF,EQ
DLINKINDIA,D-Link (India),EQ
DMART,Avenue Supermarts,EQ
DNAMEDIA,Diligent Media Corporation,EQ
DOLLAR,Dollar Industries,EQ
DOLPHINOFF,Dolphin Offshore Enterprises (India),EQ
DONEAR,Donear Industries,BE
DPL,Dhunseri Petrochem,EQ
DPSC,DPSC,EQ
DQE,DQ Entertainment (International),BE
DREDGECORP,Dredging Corporation of India,EQ
DRREDDY,Dr. Reddy's Laboratories,EQ
DSKULKARNI,DS Kulkarni Developers,BE
DSSL,Dynacons Systems & Solutions,EQ
DTIL,Dhunseri Tea & Industries,BE
DUCON,Ducon Infratechnologies,EQ
DWARKESH,Dwarikesh Sugar Industries,EQ
DYNAMATECH,Dynamatic Technologies,EQ
DYNPRO,Dynemic Products,BE
EASTSILK,Eastern Silk Industries,EQ
EASUNREYRL,Easun Reyrolle,BE
ECEIND,ECE Industries,EQ
ECLERX,eClerx Services,EQ
EDELWEISS,Edelweiss Financial Services,EQ
EDL,Empee Distilleries,BE
EDUCOMP,Educomp Solutions,BZ
EICHERMOT,Eicher Motors,EQ
EIDPARRY,EID Parry India,EQ
EIHAHOTELS,EIH Associated Hotels,EQ
EIHOTEL,EIH,EQ
EIMCOELECO,Eimco Elecon (India),EQ
EKC,Everest Kanto Cylinder,EQ
ELAND,E-Land Apparel,BE
ELECON,Elecon Engineering Company,EQ
ELECTCAST,Electrosteel Castings,EQ
ELECTHERM,Electrotherm (India),EQ
ELGIEQUIP,Elgi Equipments,EQ
ELGIRUBCO,Elgi Rubber Company,EQ
EMAMIINFRA,Emami Infrastructure,EQ
EMAMI,Emami,EQ
EMCO,Emco,EQ
EMKAY,Emkay Global Financial Services,EQ
EMMBI,Emmbi Industries,EQ
ENDURANCE,Endurance Technologies,EQ
ENERGYDEV,Energy Development Company,EQ
ENGINERSIN,Engineers India,EQ
ENIL,Entertainment Network (India),EQ
EON,Eon Electric,BE
EQUITAS,Equitas Holdings,EQ
EQUITAS,Equitas Holdings,IL
ERIS,Eris Lifesciences,EQ
EROSMEDIA,Eros International Media,EQ
ESABINDIA,Esab India,EQ
ESCORTS,Escorts,EQ
ESL,Electrosteel Steels,BE
ESSARSHPNG,Essar Shipping,EQ
ESSDEE,Ess Dee Aluminium,BE
ESSELPACK,Essel Propack,EQ
ESTER,Ester Industries,EQ
EUROCERA,Euro Ceramics,EQ
EUROMULTI,Euro Multivision,EQ
EUROTEXIND,Eurotex Industries and Exports,EQ
EVEREADY,Eveready Industries India,EQ
EVERESTIND,Everest Industries,EQ
EXCEL,Excel Realty N Infra,BE
EXCELCROP,Excel Crop Care,EQ
EXCELINDUS,Excel Industries,EQ
EXIDEIND,Exide Industries,EQ
FACT,Fertilizers and Chemicals Travancore,EQ
FAIRCHEM,Fairchem Speciality,EQ
FCL,Fineotex Chemical,EQ
FCONSUMER,Future Consumer,EQ
FCSSOFT,FCS Software Solutions,EQ
FDC,FDC,EQ
FEDDERELEC,Fedders Electric and Engineering,EQ
FEDERALBNK,The Federal Bank ,EQ
FEL,Future Enterprises,EQ
FELDVR,Future Enterprises,EQ
FIEMIND,Fiem Industries,EQ
FILATEX,Filatex India,EQ
FINCABLES,Finolex Cables,EQ
FINPIPE,Finolex Industries,EQ
FIRSTWIN,First Winner Industries,EQ
FLEXITUFF,Flexituff International,BE
FLFL,Future Lifestyle Fashions,EQ
FMGOETZE,Federal-Mogul Goetze (India) ,EQ
FMNL,Future Market Networks,EQ
FORTIS,Fortis Healthcare,EQ
FORTUNEFIN,Fortune Financial Services (India),EQ
FOSECOIND,Foseco India,EQ
FRETAIL,Future Retail,EQ
FSC,Future Supply Chain Solutions,EQ
FSL,Firstsource Solutions,EQ
GABRIEL,Gabriel India,EQ
GAEL,Gujarat Ambuja Exports,EQ
GAIL,GAIL (India),EQ
GAL,Gyscoal Alloys,BE
GALLANTT,Gallantt Metal,EQ
GALLISPAT,Gallantt Ispat,EQ
GAMMNINFRA,Gammon Infrastructure Projects,EQ
GAMMONIND,Gammon India,BZ
GANDHITUBE,Gandhi Special Tubes,EQ
GANECOS,Ganesha Ecosphere,EQ
GANESHHOUC,Ganesh Housing Corporation,EQ
GANGESSECU,Ganges Securities,BE
GARDENSILK,Garden Silk Mills,EQ
GARWALLROP,Garware  Wall Ropes,EQ
GATI,GATI,EQ
GAYAPROJ,Gayatri Projects,BE
GDL,Gateway Distriparks,EQ
GEECEE,GeeCee Ventures,EQ
GEMINI,Gemini Communication,EQ
GENESYS,Genesys International Corporation,EQ
GENUSPAPER,Genus Paper & Boards,BE
GENUSPOWER,Genus Power Infrastructures,EQ
GEOJITFSL,Geojit Financial Services,EQ
GEPIL,GE Power India,EQ
GESHIP,The Great Eastern Shipping Company,EQ
GET&D,GE T&D India,EQ
GHCL,GHCL,EQ
GICHSGFIN,GIC Housing Finance,EQ
GICRE,General Insurance Corporation of Indi,EQ
GILLANDERS,Gillanders Arbuthnot & Company,BE
GILLETTE,Gillette India,EQ
GINNIFILA,Ginni Filaments,EQ
GIPCL,Gujarat Industries Power Company,EQ
GISOLUTION,GI Engineering Solutions,EQ
GITANJALI,Gitanjali Gems,EQ
GKWLIMITED,GKW,EQ
GLAXO,GlaxoSmithKline Pharmaceuticals,EQ
GLENMARK,Glenmark Pharmaceuticals,EQ
GLOBALVECT,Global Vectra Helicorp,EQ
GLOBOFFS,Global Offshore Services,BE
GLOBUSSPR,Globus Spirits,BE
GMBREW,GM Breweries,EQ
GMDC,Gujarat Mineral Development Corporation,EQ
GMRINFRA,GMR Infrastructure,EQ
GNA,GNA Axles,EQ
GNFC,Gujarat Narmada Valley Fertilizers and Chemicals,EQ
GOACARBON,Goa Carbon,EQ
GOCLCORP,GOCL Corporation,EQ
GODFRYPHLP,Godfrey Phillips India,EQ
GODREJAGRO,Godrej Agrovet,EQ
GODREJCP,Godrej Consumer Products,EQ
GODREJIND,Godrej Industries,EQ
GODREJPROP,Godrej Properties,EQ
GOENKA,Goenka Diamond and Jewels,BZ
GOKEX,Gokaldas Exports,EQ
GOKUL,Gokul Refoils and Solvent,BE
GOKULAGRO,Gokul Agro Resources,BE
GOLDIAM,Goldiam International,EQ
GOLDINFRA,Goldstone Infratech,EQ
GOLDTECH,Goldstone Technologies,BE
GOODLUCK,Goodluck India,EQ
GPIL,Godawari Power And Ispat,EQ
GPPL,Gujarat Pipavav Port,EQ
GPTINFRA,GPT Infraprojects,EQ
GRANULES,Granules India,EQ
GRAPHITE,Graphite India,EQ
GRASIM,Grasim Industries,EQ
GRAVITA,Gravita India,EQ
GREAVESCOT,Greaves Cotton,EQ
GREENLAM,Greenlam Industries,EQ
GREENPLY,Greenply Industries,EQ
GREENPOWER,Orient Green Power Company,EQ
GRINDWELL,Grindwell Norton,EQ
GROBTEA,The Grob Tea Company,BE
GRP,GRP,EQ
GRUH,Gruh Finance,EQ
GSCLCEMENT,Gujarat Sidhee Cement,EQ
GSFC,Gujarat State Fertilizers & Chemicals,EQ
GSFC,Gujarat State Fertilizers & Chemicals,IL
GSKCONS,GlaxoSmithKline Consumer Healthcare,EQ
GSPL,Gujarat State Petronet,EQ
GSS,GSS Infotech,EQ
GTL,GTL,EQ
GTLINFRA,GTL Infrastructure,EQ
GTNIND,GTN Industries,EQ
GTNTEX,GTN Textiles,BE
GTPL,GTPL Hathway,EQ
GUFICBIO,Gufic Biosciences,EQ
GUJALKALI,Gujarat Alkalies and Chemicals,EQ
GUJAPOLLO,Gujarat Apollo Industries,EQ
GUJFLUORO,Gujarat Fluorochemicals,EQ
GUJGAS,Gujarat Gas,EQ
GUJNRECOKE,Gujarat NRE Coke,EQ
GUJNREDVR,Gujarat NRE Coke,EQ
GUJRAFFIA,Gujarat Raffia Industries,BE
GULFOILLUB,Gulf Oil Lubricants India,EQ
GULFPETRO,GP Petroleums,EQ
GULPOLY,Gulshan Polyols,EQ
GVKPIL,GVK Power & Infrastructure,BE
HANUNG,Hanung Toys and Textiles,BE
HARITASEAT,Harita Seating Systems,EQ
HARRMALAYA,Harrisons  Malayalam,BE
HATHWAY,Hathway Cable & Datacom,EQ
HATSUN,Hatsun Agro Product,EQ
HAVELLS,Havells India,EQ
HBLPOWER,HBL Power Systems,EQ
HBSTOCK,HB Stockholdings,EQ
HCC,Hindustan Construction Company,EQ
HCG,Healthcare Global Enterprises,EQ
HCL-INSYS,HCL Infosystems,EQ
HCLTECH,HCL Technologies,EQ
HDFC,Housing Development Finance Corporation,EQ
HDFCBANK,HDFC Bank,EQ
HDFCBANK,HDFC Bank,IL
HDFCLIFE,HDFC Standard Life Insurance Company,EQ
HDIL,Housing Development and Infrastructure,EQ
HEG,HEG,EQ
HEIDELBERG,HeidelbergCement India,EQ
HERCULES,Hercules Hoists,EQ
HERITGFOOD,Heritage Foods,EQ
HEROMOTOCO,Hero MotoCorp,EQ
HESTERBIO,Hester Biosciences,EQ
HEXATRADEX,Hexa Tradex,BE
HEXAWARE,Hexaware Technologies,EQ
HFCL,Himachal Futuristic Communications,EQ
HGS,Hinduja Global Solutions,EQ
HIGHGROUND,High Ground Enterprise,EQ
HIKAL,Hikal,EQ
HIL,HIL,EQ
HILTON,Hilton Metal Forging,EQ
HIMATSEIDE,Himatsingka Seide,EQ
HINDALCO,Hindalco Industries,EQ
HINDCOMPOS,Hindustan Composites,EQ
HINDCOPPER,Hindustan Copper,EQ
HINDDORROL,Hindustan Dorr-Oliver,BE
HINDMOTORS,Hindustan Motors,BE
HINDNATGLS,Hindusthan National Glass & Industries,EQ
HINDOILEXP,Hindustan Oil Exploration Company,EQ
HINDPETRO,Hindustan Petroleum Corporation,EQ
HINDSYNTEX,Hind Syntex,EQ
HINDUJAVEN,Hinduja Ventures,EQ
HINDUNILVR,Hindustan Unilever,EQ
HINDZINC,Hindustan Zinc,EQ
HIRECT,Hind Rectifiers,EQ
HISARMETAL,Hisar Metal Industries,BE
HITECHCORP,Hitech Corporation,EQ
HITECHGEAR,The Hi-Tech Gears,EQ
HMT,HMT,BZ
HMVL,Hindustan Media Ventures,EQ
HONAUT,Honeywell Automation India,EQ
HONDAPOWER,Honda Siel Power Products,EQ
HOTELEELA,Hotel Leela Venture,EQ
HOTELRUGBY,Hotel Rugby,BE
HOVS,HOV Services,BE
HPL,HPL Electric & Power,EQ
HSCL,Himadri Speciality Chemical,EQ
HSIL,HSIL,EQ
HTMEDIA,HT Media,EQ
HUBTOWN,Hubtown,EQ
HUDCO,Housing & Urban Development Corporation,EQ
IBREALEST,Indiabulls Real Estate,EQ
IBULHSGFIN,Indiabulls Housing Finance,EQ
IBVENTURES,Indiabulls Ventures,EQ
ICICIBANK,ICICI Bank,EQ
ICICIGI,ICICI Lombard General Insurance Company,EQ
ICICIPRULI,ICICI Prudential Life Insurance Company,EQ
ICIL,Indo Count Industries,EQ
ICRA,ICRA,EQ
ICSA,ICSA (India),BE
IDBI,IDBI Bank,EQ
IDEA,Idea Cellular,EQ
IDFC,IDFC,EQ
IDFCBANK,IDFC Bank,EQ
IEX,Indian Energy Exchange,EQ
IFBAGRO,IFB Agro Industries,BE
IFBIND,IFB Industries,EQ
IFCI,IFCI,EQ
IFGLEXPOR,IFGL Refractories,EQ
IGARASHI,Igarashi Motors India,EQ
IGL,Indraprastha Gas,EQ
IGPL,IG Petrochemicals,EQ
IIFL,IIFL Holdings,EQ
IITL,Industrial Investment Trust,BE
IL&FSENGG,IL&FS Engineering and Construction Company,BE
IL&FSTRANS,IL&FS Transportation Networks,EQ
IMFA,Indian Metals & Ferro Alloys,EQ
IMPAL,India Motor Parts and Accessories,EQ
IMPEXFERRO,Impex Ferro Tech,EQ
INDBANK,Indbank Merchant Banking Services,EQ
INDHOTEL,The Indian Hotels Company,EQ
INDIACEM,The India Cements,EQ
INDIAGLYCO,India Glycols,EQ
INDIANB,Indian Ban,EQ
INDIANCARD,Indian Card Clothing Company,EQ
INDIANHUME,Indian Hume Pipe Company,EQ
INDIGO,InterGlobe Aviation,EQ
INDLMETER,IMP Powers,BE
INDNIPPON,India Nippon Electricals,EQ
INDOCO,Indoco Remedies,EQ
INDORAMA,Indo Rama Synthetics (India),EQ
INDOSOLAR,Indosolar,BE
INDOTECH,Indo Tech Transformers,EQ
INDOTHAI,Indo Thai Securities,EQ
INDOWIND,Indowind Energy,BE
INDRAMEDCO,Indraprastha Medical Corporation,EQ
INDSWFTLAB,Ind-Swift Laboratories,BE
INDSWFT,Ind-Swift,BE
INDTERRAIN,Indian Terrain Fashions,EQ
INDUSINDBK,IndusInd Bank,EQ
INEOSSTYRO,INEOS Styrolution India,EQ
INFIBEAM,Infibeam Incorporation,EQ
INFINITE,Infinite Computer Solutions (India),EQ
INFRATEL,Bharti Infratel,EQ
INFY,Infosys,EQ
INGERRAND,Ingersoll Rand (India),EQ
INOXLEISUR,INOX Leisure,EQ
INOXWIND,Inox Wind,EQ
INSECTICID,Insecticides (India),EQ
INTEGRA,Integra Garments and Textiles,BE
INTELLECT,Intellect Design Arena,EQ
INTENTECH,Intense Technologies,BE
INVENTURE,Inventure Growth & Securities,EQ
IOB,Indian Overseas Ban,EQ
IOC,Indian Oil Corporation,EQ
IOLCP,IOL Chemicals and Pharmaceuticals,BE
IPAPPM,International Paper APPM,EQ
IPCALAB,IPCA Laboratories,EQ
IRB,IRB Infrastructure Developers,EQ
ISFT,Intrasoft Technologies,EQ
ISMT,ISMT,BE
ITC,ITC,EQ
ITDC,India Tourism Development Corporation,EQ
ITDCEM,ITD Cementation India,EQ
ITI,ITI,EQ
IVC,IL&FS Investment Managers,EQ
IVP,IVP,EQ
IVRCLINFRA,IVRCL,BE
IZMO,IZMO,EQ
J&KBANK,The Jammu & Kashmir Bank,EQ
JAGRAN,Jagran Prakashan,EQ
JAGSNPHARM,Jagsonpal Pharmaceuticals,EQ
JAIBALAJI,Jai Balaji Industries,BE
JAICORP,Jai Corp,EQ
JAIHINDPRO,Jaihind Projects,EQ
JAINSTUDIO,Jain Studios,BE
JAMNAAUTO,Jamna Auto Industries,EQ
JAYAGROGN,Jayant Agro Organics,EQ
JAYBARMARU,Jay Bharat Maruti,EQ
JAYNECOIND,Jayaswal Neco Industries,BE
JAYSREETEA,Jayshree Tea & Industries,BE
JBCHEPHARM,JB Chemicals & Pharmaceuticals,EQ
JBFIND,JBF Industries,EQ
JBMA,JBM Auto,EQ
JCHAC,Johnson Controls _ Hitachi Air Conditioning India,EQ
JENSONICOL,Jenson & Nicholson (India),BE
JETAIRWAYS,Jet Airways (India),EQ
JHS,JHS Svendgaard Laboratories,EQ
JINDALPHOT,Jindal Photo,BE
JINDALPOLY,Jindal Poly Films,EQ
JINDALSAW,Jindal Saw,EQ
JINDALSTEL,Jindal Steel & Power,EQ
JINDCOT,Jindal Cotex,BZ
JINDRILL,Jindal Drilling And Industries,EQ
JINDWORLD,Jindal Worldwide,EQ
JISLDVREQS,Jain Irrigation Systems,EQ
JISLJALEQS,Jain Irrigation Systems,EQ
JITFINFRA,JITF Infralogistics,BE
JKCEMENT,JK Cement,EQ
JKIL,J.Kumar Infraprojects,EQ
JKLAKSHMI,JK Lakshmi Cement,EQ
JKPAPER,JK Paper,EQ
JKTYRE,JK Tyre & Industries,EQ
JMA,Jullundur Motor Agency (Delhi),EQ
JMCPROJECT,JMC Projects (India) ,EQ
JMFINANCIL,JM Financial,EQ
JMTAUTO,JMT Auto,BE
JOCIL,Jocil,EQ
JPASSOCIAT,Jaiprakash Associates,EQ
JPINFRATEC,Jaypee Infratech,EQ
JPOLYINVST,Jindal Poly Investment and Finance Company,EQ
JPPOWER,Jaiprakash Power Ventures,EQ
JSL,Jindal Stainless,EQ
JSLHISAR,Jindal Stainless (Hisar),EQ
JSWENERGY,JSW Energy,EQ
JSWHL,JSW Holdings,EQ
JSWSTEEL,JSW Steel,EQ
JUBILANT,Jubilant Life Sciences,EQ
JUBLFOOD,Jubilant Foodworks,EQ
JUBLINDS,Jubilant Industries,EQ
JUSTDIAL,Just Dial,EQ
JVLAGRO,JVL Agro Industries,EQ
JYOTHYLAB,Jyothy Laboratories,EQ
JYOTISTRUC,Jyoti Structures,EQ
KABRAEXTRU,Kabra Extrusion Technik,EQ
KAJARIACER,Kajaria Ceramics,EQ
KAKATCEM,Kakatiya Cement Sugar & Industries,EQ
KALPATPOWR,Kalpataru Power Transmission,EQ
KALYANI,Kalyani Commercials,BE
KALYANIFRG,Kalyani Forge,BE
KAMATHOTEL,Kamat Hotels (I),EQ
KAMDHENU,Kamdhenu,BE
KANANIIND,Kanani Industries,EQ
KANORICHEM,Kanoria Chemicals & Industries,EQ
KANSAINER,Kansai Nerolac Paints,EQ
KARMAENG,Karma Energy,BE
KARURVYSYA,Karur Vysya Bank,EQ
KAUSHALYA,Kaushalya Infrastructure Development Corporation,EQ
KAVVERITEL,Kavveri Telecom Products,EQ
KAYA,Kaya,EQ
KCP,KCP,EQ
KCPSUGIND,KCP Sugar and Industries Corporation,EQ
KDDL,KDDL,BE
KEC,KEC International,EQ
KECL,Kirloskar Electric Company,EQ
KEI,KEI Industries,EQ
KELLTONTEC,Kellton Tech Solutions,BE
KERNEX,Kernex Microsystems (India),BZ
KESARENT,Kesar Enterprises,EQ
KESORAMIND,Kesoram Industries,EQ
KEYCORPSER,Keynote Corporate Services,EQ
KGL,Karuturi Global,BE
KHADIM,Khadim India,EQ
KHAITAN,Khaitan (India),EQ
KHANDSE,Khandwala Securities,BE
KICL,Kalyani Investment Company,EQ
KILITCH,Kilitch Drugs (India),EQ
KINGFA,Kingfa Science & Technology (India),EQ
KIOCL,KIOCL,EQ
KIRIINDUS,Kiri Industries,EQ
KIRLOSBROS,Kirloskar Brothers,EQ
KIRLOSENG,Kirloskar Oil Engines,EQ
KIRLOSIND,Kirloskar Industries,EQ
KITEX,Kitex Garments,EQ
KKCL,Kewal Kiran Clothing,EQ
KMSUGAR,K.M.Sugar Mills,EQ
KNRCON,KNR Constructions,EQ
KOHINOOR,Kohinoor Foods,EQ
KOKUYOCMLN,Kokuyo Camlin,EQ
KOLTEPATIL,Kolte - Patil Developers,EQ
KOPRAN,Kopran,EQ
KOTAKBANK,Kotak Mahindra Bank,EQ
KOTARISUG,Kothari Sugars And Chemicals,EQ
KOTHARIPET,Kothari Petrochemicals,EQ
KOTHARIPRO,Kothari Products,EQ
KPIT,KPIT Technologies,EQ
KPRMILL,K.P.R. Mill,EQ
KRBL,KRBL,EQ
KREBSBIO,Krebs Biochemicals and Industries,BE
KRIDHANINF,Kridhan Infra,EQ
KSBPUMPS,KSB Pumps,EQ
KSCL,Kaveri Seed Company,EQ
KSERASERA,KSS,BE
KSK,KSK Energy Ventures,BE
KSL,Kalyani Steels,EQ
KTIL,Kesar Terminals & Infrastructure,EQ
KTKBANK,The Karnataka Bank,EQ
KWALITY,kwality,EQ
L&TFH,L&T Finance Holdings,EQ
LAKPRE,Lakshmi Precision Screws,EQ
LAKSHMIEFL,Lakshmi Energy and Foods,BE
LAKSHVILAS,Lakshmi Vilas Bank,EQ
LALPATHLAB,Dr. Lal Path Labs ,EQ
LAMBODHARA,Lambodhara Textiles,EQ
LAOPALA,La Opala RG,EQ
LASA,Lasa Supergenerics,BE
LAURUSLABS,Laurus Labs,EQ
LAXMIMACH,Lakshmi Machine Works,EQ
LCCINFOTEC,LCC Infotech,BE
LEEL,LEEL Electricals,EQ
LFIC,Lakshmi Finance & Industrial Corporation,BE
LGBBROS,LG Balakrishnan & Bros,EQ
LIBERTSHOE,Liberty Shoes,EQ
LICHSGFIN,LIC Housing Finance,EQ
LINCOLN,Lincoln Pharmaceuticals,EQ
LINCPEN,Linc Pen & Plastics,EQ
LINDEINDIA,Linde India,EQ
LITL,Lanco Infratech,BE
LML,LML,BE
LOKESHMACH,Lokesh Machines,EQ
LOTUSEYE,Lotus Eye Hospital and Institute,BE
LOVABLE,Lovable Lingerie,EQ
LPDC,Landmark Property Development Company,BE
LSIL,Lloyds Steels Industries,BE
LT,Larsen & Toubro,EQ
LTI,Larsen & Toubro Infotech,EQ
LTTS,L&T Technology Services,EQ
LUMAXIND,Lumax Industries,EQ
LUMAXTECH,Lumax Auto Technologies,EQ
LUPIN,Lupin,EQ
LUXIND,Lux Industries,EQ
LYCOS,Lycos Internet,BE
LYKALABS,Lyka Labs,EQ
LYPSAGEMS,Lypsa Gems & Jewellery,EQ
M&M,Mahindra & Mahindra,EQ
M&MFIN,Mahindra & Mahindra Financial Services,EQ
MAANALU,Maan Aluminium,EQ
MADHAV,Madhav Marbles and Granites,EQ
MADHUCON,Madhucon Projects,EQ
MADRASFERT,Madras Fertilizers,EQ
MAGADSUGAR,Magadh Sugar & Energy,EQ
MAGMA,Magma Fincorp,EQ
MAGNUM,Magnum Ventures,EQ
MAHABANK,Bank of Maharashtr,EQ
MAHASTEEL,Mahamaya Steel Industries,EQ
MAHINDCIE,Mahindra CIE Automotive,EQ
MAHLIFE,Mahindra Lifespace Developers,EQ
MAHLOG,Mahindra Logistics,EQ
MAHSCOOTER,Maharashtra Scooters,EQ
MAHSEAMLES,Maharashtra Seamless,EQ
MAITHANALL,Maithan Alloys,EQ
MAJESCO,Majesco,EQ
MALUPAPER,Malu Paper Mills,EQ
MANAKALUCO,Manaksia Aluminium Company,EQ
MANAKCOAT,Manaksia Coated Metals & Industries,EQ
MANAKSIA,Manaksia,EQ
MANAKSTEEL,Manaksia Steels,BE
MANALIPETC,Manali Petrochemicals,EQ
MANAPPURAM,Manappuram Finance,EQ
MANDHANA,Mandhana Industries,BE
MANGALAM,Mangalam Drugs And Organics,EQ
MANGCHEFER,Mangalore Chemicals & Fertilizers,EQ
MANGLMCEM,Mangalam Cement,EQ
MANGTIMBER,Mangalam Timber Products,BE
MANINDS,Man Industries (India),EQ
MANINFRA,Man Infraconstruction,EQ
MANPASAND,Manpasand Beverages,EQ
MANUGRAPH,Manugraph India,EQ
MARALOVER,Maral Overseas,EQ
MARATHON,Marathon Nextgen Realty,EQ
MARICO,Marico,EQ
MARKSANS,Marksans Pharma,EQ
MARUTI,Maruti Suzuki India,EQ
MASFIN,MAS Financial Services,EQ
MASKINVEST,Mask Investments,BE
MASTEK,Mastek,EQ
MATRIMONY,Matrimony.Com,EQ
MAWANASUG,Mawana Sugars,EQ
MAXINDIA,Max India,EQ
MAXVIL,Max Ventures and Industries,EQ
MAYURUNIQ,Mayur Uniquoters,EQ
MAZDA,Mazda,EQ
MBECL,Mcnally Bharat Engineering Company,BE
MBLINFRA,MBL Infrastructures,BE
MCDHOLDING,McDowell Holdings,EQ
MCDOWELL-N,United Spirits,EQ
MCLEODRUSS,Mcleod Russel India,EQ
MCX,Multi Commodity Exchange of India,EQ
MEGASOFT,Megasoft,BE
MEGH,Meghmani Organics,EQ
MELSTAR,Melstar Information Technologies,BE
MENONBE,Menon Bearings,EQ
MEP,MEP Infrastructure Developers,EQ
MERCATOR,Mercator,EQ
MERCK,Merck,EQ
METALFORGE,Metalyst Forgings,BE
METKORE,Metkore Alloys & Industries,EQ
MFSL,Max Financial Services,EQ
MGL,Mahanagar Gas,EQ
MHRIL,Mahindra Holidays & Resorts India,EQ
MIC,MIC Electronics,BE
MINDACORP,Minda Corporation,EQ
MINDAIND,Minda Industries,EQ
MINDTECK,Mindteck (India),EQ
MINDTREE,MindTree,EQ
MIRCELECTR,MIRC Electronics,EQ
MIRZAINT,Mirza International,EQ
MMFL,MM Forgings,EQ
MMTC,MMTC,EQ
MOHITIND,Mohit Industries,EQ
MOHOTAIND,Mohota Industries,EQ
MOIL,MOIL,EQ
MOLDTECH,Mold-Tek Technologies,BE
MOLDTKPAC,Mold-Tek Packaging,EQ
MONNETISPA,Monnet Ispat and Energy,EQ
MONSANTO,Monsanto India,EQ
MONTECARLO,Monte Carlo Fashions,EQ
MORARJEE,Morarjee Textiles,EQ
MOREPENLAB,Morepen Laboratories,EQ
MOSERBAER,Moser-Baer (I),BE
MOTHERSUMI,Motherson Sumi Systems,EQ
MOTILALOFS,Motilal Oswal Financial Services,EQ
MOTOGENFIN,The Motor & General Finance,EQ
MPHASIS,MphasiS,EQ
MPS,MPS,EQ
MRF,MRF,EQ
MRO-TEK,MRO-TEK Realty,BE
MRPL,Mangalore Refinery and Petrochemicals,EQ
MSPL,MSP Steel & Power,BE
MTEDUCARE,MT Educare,BE
MTNL,Mahanagar Telephone Nigam,EQ
MUKANDENGG,Mukand Engineers,EQ
MUKAND,Mukand,EQ
MUKTAARTS,Mukta Arts,EQ
MUNJALAU,Munjal Auto Industries,EQ
MUNJALSHOW,Munjal Showa,EQ
MURUDCERA,Murudeshwar Ceramics,EQ
MUTHOOTCAP,Muthoot Capital Services,EQ
MUTHOOTFIN,Muthoot Finance,EQ
MVL,MVL,BE
NACLIND,NACL Industries,EQ
NAGAFERT,Nagarjuna Fertilizers and Chemicals,EQ
NAGAROIL,Nagarjuna Oil Refinery,EQ
NAGREEKCAP,Nagreeka Capital & Infrastructure,EQ
NAGREEKEXP,Nagreeka Exports,BE
NAHARCAP,Nahar Capital and Financial Services,EQ
NAHARINDUS,Nahar Industrial Enterprises,EQ
NAHARPOLY,Nahar Poly Films,EQ
NAHARSPING,Nahar Spinning Mills,EQ
NAKODA,Nakoda,BE
NATCOPHARM,Natco Pharma,EQ
NATHBIOGEN,Nath Bio-Genes (India),EQ
NATIONALUM,National Aluminium Company,EQ
NATNLSTEEL,National Steel And Agro Industries,EQ
NAUKRI,Info Edge (India),EQ
NAVINFLUOR,Navin Fluorine International,EQ
NAVKARCORP,Navkar Corporation,EQ
NAVNETEDUL,Navneet Education,EQ
NBCC,NBCC (India),EQ
NBIFIN,N. B. I. Industrial Finance Company,EQ
NBVENTURES,Nava Bharat Ventures,EQ
NCC,NCC,EQ
NCLIND,NCL Industries,EQ
NDGL,Naga Dhunseri Group,EQ
NDL,Nandan Denim,EQ
NDTV,New Delhi Television,EQ
NECC,North Eastern Carrying Corporation,EQ
NECLIFE,Nectar Lifesciences,EQ
NELCAST,Nelcast,EQ
NELCO,NELCO,EQ
NESCO,Nesco,EQ
NESTLEIND,Nestle India,EQ
NETWORK18,Network18 Media & Investments,EQ
NEULANDLAB,Neuland Laboratories,EQ
NEWGEN,Newgen Software Technologies,EQ
NEXTMEDIA,Next Mediaworks,BE
NFL,National Fertilizers,EQ
NH,Narayana Hrudayalaya ,EQ
NHPC,NHPC,EQ
NIACL,The New India Assurance Company,EQ
NIBL,NRB Industrial Bearings,EQ
NIIT,NIIT,EQ
NIITTECH,NIIT Technologies,EQ
NILAINFRA,Nila Infrastructures,EQ
NILKAMAL,Nilkamal,EQ
NIPPOBATRY,Indo-National,EQ
NIRAJISPAT,Niraj Ispat Industries,BE
NITCO,Nitco,EQ
NITESHEST,Nitesh Estates,BE
NITINFIRE,Nitin Fire Protection Industries,EQ
NITINSPIN,Nitin Spinners,EQ
NKIND,NK Industries,BE
NLCINDIA,NLC India,EQ
NMDC,NMDC,EQ
NOCIL,NOCIL,EQ
NOIDATOLL,Noida Toll Bridge Company,EQ
NORBTEAEXP,Norben Tea & Exports,EQ
NRAIL,N R Agarwal Industries,EQ
NRBBEARING,NRB Bearing,EQ
NSIL,Nalwa Sons Investments,EQ
NTL,Neueon Towers,BE
NTPC,NTPC,EQ
NUCLEUS,Nucleus Software Exports,EQ
NUTEK,Nu Tek India,EQ
OBEROIRLTY,Oberoi Realty,EQ
OCCL,Oriental Carbon & Chemicals,EQ
OCL,OCL India,EQ
OFSS,Oracle Financial Services Software,EQ
OIL,Oil India,EQ
OILCOUNTUB,Oil Country Tubular,EQ
OISL,OCL Iron and Steel,BE
OMAXAUTO,Omax Autos,EQ
OMAXE,Omaxe,EQ
OMKARCHEM,Omkar Speciality Chemicals,EQ
OMMETALS,OM Metals Infraprojects,EQ
ONELIFECAP,Onelife Capital Advisors,BE
ONGC,Oil & Natural Gas Corporation,EQ
ONMOBILE,OnMobile Global,EQ
ONWARDTEC,Onward Technologies,EQ
OPTIEMUS,Optiemus Infracom,BE
OPTOCIRCUI,Opto Circuits (India),BE
ORBTEXP,Orbit Exports,EQ
ORCHIDPHAR,Orchid Pharma,BZ
ORICONENT,Oricon Enterprises,EQ
ORIENTABRA,Orient Abrasives,EQ
ORIENTALTL,Oriental Trimex,BE
ORIENTBANK,Oriental Bank of Commerc,EQ
ORIENTBELL,Orient Bell,EQ
ORIENTCEM,Orient Cement,EQ
ORIENTHOT,Oriental Hotels,EQ
ORIENT,Orient Press,BE
ORIENTPPR,Orient Paper & Industries,EQ
ORIENTREF,Orient Refractories,EQ
ORISSAMINE,The Orissa Minerals Development Company,EQ
ORTEL,Ortel Communications,EQ
ORTINLABSS,Ortin Laboratories,BE
OSWALAGRO,Oswal Agro Mills,BE
PAEL,PAE,BE
PAGEIND,Page Industries,EQ
PAISALO,Paisalo Digital,EQ
PALASHSECU,Palash Securities,BE
PALREDTEC,Palred Technologies,EQ
PANACEABIO,Panacea Biotec,EQ
PANAMAPET,Panama Petrochem,EQ
PANORAMUNI,Panoramic Universal,EQ
PAPERPROD,Huhtamaki PPL,EQ
PARABDRUGS,Parabolic Drugs,BE
PARACABLES,Paramount Communications,EQ
PARAGMILK,Parag Milk Foods,EQ
PARSVNATH,Parsvnath Developers,EQ
PATELENG,Patel Engineering,EQ
PATINTLOG,Patel Integrated Logistics,EQ
PATSPIN,Patspin India,EQ
PBAINFRA,PBA Infrastructure,BE
PCJEWELLER,PC Jeweller,EQ
PDMJEPAPER,Pudumjee Paper Products,EQ
PDPL,Parenteral Drugs (India),BE
PDSMFL,PDS Multinational Fashions,EQ
PDUMJEIND,Pudumjee Industries,EQ
PEARLPOLY,Pearl Polymers,BE
PEL,Piramal Enterprises,EQ
PENIND,Pennar Industries,EQ
PENINLAND,Peninsula Land,EQ
PENPEBS,Pennar Engineered Building Systems,EQ
PERSISTENT,Persistent Systems,EQ
PETRONENGG,Petron Engineering Construction,EQ
PETRONET,Petronet LNG,EQ
PFC,Power Finance Corporation,EQ
PFIZER,Pfizer,EQ
PFOCUS,Prime Focus,EQ
PFS,PTC India Financial Services,EQ
PGEL,PG Electroplast,EQ
PGHH,Procter & Gamble Hygiene and Health Care,EQ
PGIL,Pearl Global Industries,EQ
PHILIPCARB,Phillips Carbon Black,EQ
PHOENIX,The Phoenix Mills,EQ
PIDILITIND,Pidilite Industries,EQ
PIIND,PI Industries,EQ
PILANIINVS,Pilani Investment and Industries Corporation,BE
PILITA,PIL ITALICA LIFESTYLE LIMITE,BE
PINCON,Pincon Spirit,EQ
PIONDIST,Pioneer Distilleries,EQ
PIONEEREMB,Pioneer Embroideries,EQ
PITTILAM,Pitti Laminations,EQ
PKTEA,The Peria Karamalai Tea & Produce Company,EQ
PLASTIBLEN,Plastiblends India,EQ
PNB,Punjab National Ban,EQ
PNBGILTS,PNB Gilts,EQ
PNBHOUSING,PNB Housing Finance,EQ
PNC,Pritish Nandy Communications,BE
PNCINFRA,PNC Infratech,EQ
POCHIRAJU,Pochiraju Industries,BE
PODDARHOUS,Poddar Housing and Development,EQ
PODDARMENT,Poddar Pigments,EQ
POKARNA,Pokarna,EQ
POLARIS,POLARIS CONSULTING & SERVICES LIMITE,EQ
POLYMED,Poly Medicure,EQ
POLYPLEX,Polyplex Corporation,EQ
PONNIERODE,Ponni Sugars (Erode),EQ
POWERGRID,Power Grid Corporation of India,EQ
POWERMECH,Power Mech Projects,EQ
PPAP,PPAP Automotive,EQ
PRABHAT,Prabhat Dairy,EQ
PRADIP,Pradip Overseas,BE
PRAENG,Prajay Engineers Syndicate,EQ
PRAJIND,Praj Industries,EQ
PRAKASH,Prakash Industries,EQ
PRAKASHCON,Prakash Constrowell,EQ
PRATIBHA,Pratibha Industries,BE
PRAXIS,Praxis Home Retail,BE
PRECAM,Precision Camshafts,EQ
PRECOT,Precot Meridian,EQ
PRECWIRE,Precision Wires India,EQ
PREMEXPLN,Premier Explosives,EQ
PREMIER,Premier,EQ
PREMIERPOL,Premier Polyfilm,EQ
PRESSMN,Pressman Advertising,EQ
PRESTIGE,Prestige Estates Projects,EQ
PRICOL,Pricol,EQ
PRIMESECU,Prime Securities,EQ
PRISMCEM,Prism Cement,EQ
PROVOGE,Provogue (India),BE
PROZONINTU,Prozone Intu Properties,EQ
PSB,Punjab & Sind Ban,EQ
PSL,PSL,BE
PSPPROJECT,PSP Projects,EQ
PTC,PTC India,EQ
PTL,PTL Enterprises,BE
PUNJABCHEM,Punjab Chemicals & Crop Protection,EQ
PUNJLLOYD,Punj Lloyd,EQ
PURVA,Puravankara,EQ
PVP,PVP Ventures,EQ
PVR,PVR,EQ
QUESS,Quess Corp,EQ
QUICKHEAL,Quick Heal Technologies,EQ
QUINTEGRA,Quintegra Solutions,EQ
RADAAN,Radaan Mediaworks India,EQ
RADICO,Radico Khaitan,EQ
RADIOCITY,Music Broadcast,EQ
RAIN,Rain Industries,EQ
RAINBOWPAP,Rainbow Papers,BE
RAJESHEXPO,Rajesh Exports,EQ
RAJOIL,Raj Oil Mills,BZ
RAJRAYON,Raj Rayon Industries,BE
RAJSREESUG,Rajshree Sugars & Chemicals,EQ
RAJTV,Raj Television Network,EQ
RAJVIR,Rajvir Industries,EQ
RALLIS,Rallis India,EQ
RAMANEWS,Shree Rama Newsprint,EQ
RAMASTEEL,Rama Steel Tubes,BE
RAMCOCEM,The Ramco Cements,EQ
RAMCOIND,Ramco Industries,EQ
RAMCOSYS,Ramco Systems,EQ
RAMGOPOLY,Ramgopal Polytex,BE
RAMKY,Ramky Infrastructure,EQ
RAMSARUP,Ramsarup Industries,BE
RANASUG,Rana Sugars,EQ
RANEENGINE,Rane Engine Valve,EQ
RANEHOLDIN,Rane Holdings,EQ
RATNAMANI,Ratnamani Metals & Tubes,EQ
RAYMOND,Raymond,EQ
RBL,Rane Brake Lining,EQ
RBLBANK,RBL Bank,EQ
RCF,Rashtriya Chemicals and Fertilizers,EQ
RCOM,Reliance Communications,EQ
REC,Rural Electrification Corporation,EQ
REDINGTON,Redington (India),EQ
REFEX,Refex Industries,EQ
REGENCERAM,Regency Ceramics,BE
RELAXO,Relaxo Footwears,EQ
RELCAPITAL,Reliance Capital,EQ
RELIANCE,Reliance Industries,EQ
RELIGARE,Religare Enterprises,EQ
RELINFRA,Reliance Infrastructure,EQ
REMSONSIND,Remsons Industries,BE
RENUKA,Shree Renuka Sugars,EQ
REPCOHOME,Repco Home Finance,EQ
REPRO,Repro India,EQ
RESPONIND,Responsive Industries,EQ
REVATHI,Revathi Equipment,EQ
RHFL,Reliance Home Finance,EQ
RICOAUTO,Rico Auto Industries,EQ
RIIL,Reliance Industrial Infrastructure,EQ
RJL,Renaissance Jewellery,EQ
RKDL,Ravi Kumar Distilleries,BE
RKFORGE,Ramkrishna Forgings,EQ
RMCL,Radha Madhav Corporation,EQ
RML,Rane (Madras),EQ
RNAM,Reliance Nippon Life Asset Management,EQ
RNAVAL,Reliance Naval and Engineering,EQ
ROHITFERRO,Rohit Ferro-Tech,EQ
ROH,Royal Orchid Hotels,EQ
ROLLT,Rollatainers,BE
ROLTA,Rolta India,EQ
ROSSELLIND,Rossell India,EQ
RPGLIFE,RPG Life Sciences,EQ
RPOWER,Reliance Power,EQ
RPPINFRA,R.P.P. Infra Projects,EQ
RSSOFTWARE,R. S. Software (India),EQ
RSWM,RSWM,EQ
RSYSTEMS,R Systems International,EQ
RTNINFRA,RattanIndia Infrastructure,BE
RTNPOWER,RattanIndia Power,EQ
RUBYMILLS,The Ruby Mills,EQ
RUCHINFRA,Ruchi Infrastructure,BE
RUCHIRA,Ruchira Papers,EQ
RUCHISOYA,Ruchi Soya Industries,EQ
RUPA,Rupa & Company,EQ
RUSHIL,Rushil Decor,EQ
SABEVENTS,Sab Events & Governance Now Media,BE
SABTN,Sri Adhikari Brothers Television Network,BE
SADBHAV,Sadbhav Engineering,EQ
SADBHIN,Sadbhav Infrastructure Project,EQ
SAGCEM,Sagar Cements,EQ
SAIL,Steel Authority of India,EQ
SAKHTISUG,Sakthi Sugars,EQ
SAKSOFT,Saksoft,EQ
SAKUMA,Sakuma Exports,BE
SALASAR,Salasar Techno Engineering,EQ
SALONA,Salona Cotspin,BE
SALORAINTL,Salora International,BE
SALSTEEL,S.A.L. Steel,BE
SALZERELEC,Salzer Electronics,EQ
SAMBHAAV,Sambhaav Media,EQ
SAMTEL,Samtel Color,BZ
SANCO,Sanco Industries,EQ
SANDESH,The Sandesh,EQ
SANGAMIND,Sangam (India),EQ
SANGHIIND,Sanghi Industries,EQ
SANGHVIFOR,Sanghvi Forging and Engineering,EQ
SANGHVIMOV,Sanghvi Movers,EQ
SANOFI,Sanofi India,EQ
SANWARIA,Sanwaria Consumer,BE
SARDAEN,Sarda Energy & Minerals,EQ
SAREGAMA,Saregama India,EQ
SARLAPOLY,Sarla Performance Fibers,EQ
SASKEN,Sasken Technologies,EQ
SASTASUNDR,Sastasundar Ventures,BE
SATHAISPAT,Sathavahana Ispat,EQ
SATIN,Satin Creditcare Network,EQ
SBILIFE,SBI Life Insurance Company,EQ
SBIN,State Bank of Indi,EQ
SCAPDVR,Stampede Capital,EQ
SCHAEFFLER,Schaeffler India,EQ
SCHAND,S Chand And Company,EQ
SCHNEIDER,Schneider Electric Infrastructure,EQ
SCI,Shipping Corporation Of India,EQ
SDBL,Som Distilleries & Breweries,EQ
SEAMEC,Seamec,BE
SELAN,Selan Exploration Technology,BE
SELMCL,SEL Manufacturing Company,EQ
SEPOWER,S.E. Power,BE
SEQUENT,Sequent Scientific,EQ
SERVALL,Servalakshmi Paper,BZ
SESHAPAPER,Seshasayee Paper and Boards,EQ
SETCO,Setco Automotive,EQ
SEZAL,Sezal Glass,BZ
SFL,Sheela Foam,EQ
SGFL,Shree Ganesh Forgings,BE
SGL,STL Global,EQ
SHAHALLOYS,Shah Alloys,EQ
SHAKTIPUMP,Shakti Pumps (India),EQ
SHALBY,Shalby,EQ
SHALPAINTS,Shalimar Paints,EQ
SHANKARA,Shankara Building Products,EQ
SHANTIGEAR,Shanthi Gears,EQ
SHARDACROP,Sharda Cropchem,EQ
SHARDAMOTR,Sharda Motor Industries,EQ
SHARONBIO,Sharon Bio-Medicine,BZ
SHEMAROO,Shemaroo Entertainment,EQ
SHILPAMED,Shilpa Medicare,EQ
SHILPI,Shilpi Cable Technologies,BZ
SHIRPUR-G,Shirpur Gold Refinery,EQ
SHIVAMAUTO,Shivam Autotech,EQ
SHIVATEX,Shiva Texyarn,EQ
SHK,S H Kelkar and Company,EQ
SHOPERSTOP,Shoppers Stop,EQ
SHREECEM,SHREE CEMENT LIMITE,EQ
SHREEPUSHK,Shree Pushkar Chemicals & Fertilisers,EQ
SHREERAMA,Shree Rama Multi-Tech,BE
SHREYANIND,Shreyans Industries,EQ
SHREYAS,Shreyas Shipping & Logistics,EQ
SHRIPISTON,Shriram Pistons & Rings,BE
SHRIRAMCIT,Shriram City Union Finance,EQ
SHRIRAMEPC,Shriram EPC,EQ
SHYAMCENT,Shyam Century Ferrous,BE
SICAGEN,Sicagen India,EQ
SICAL,Sical Logistics,EQ
SIEMENS,Siemens,EQ
SIGNET,Signet Industries,BE
SIL,Standard Industries,BE
SILINV,SIL Investments,BE
SIMBHALS,Simbhaoli Sugars,EQ
SIMPLEX,Simplex Projects,BE
SIMPLEXINF,Simplex Infrastructures,EQ
SINTEX,Sintex Industries,EQ
SIS,Security and Intelligence Services (India),EQ
SITASHREE,Sita Shree Food Products,BE
SITINET,Siti Networks,EQ
SIYSIL,Siyaram Silk Mills,EQ
SJVN,SJVN,EQ
SKFINDIA,SKF India,EQ
SKIL,SKIL Infrastructure,BE
SKIPPER,Skipper,EQ
SKMEGGPROD,SKM Egg Products Export (India),EQ
SMARTLINK,Smartlink Network Systems,EQ
SMLISUZU,SML Isuzu,EQ
SMPL,Splendid Metal Products,BE
SMSLIFE,SMS Lifesciences India,EQ
SMSPHARMA,SMS Pharmaceuticals,EQ
SNOWMAN,Snowman Logistics,EQ
SOBHA,Sobha,EQ
SOLARINDS,Solar Industries India,EQ
SOMANYCERA,Somany Ceramics,EQ
SOMATEX,Soma Textiles & Industries,BE
SOMICONVEY,Somi Conveyor Beltings,EQ
SONASTEER,Sona Koyo Steering Systems,EQ
SONATSOFTW,Sonata Software,EQ
SORILHOLD,SORIL Holdings and Ventures,BE
SORILINFRA,SORIL Infra Resources,EQ
SOTL,Savita Oil Technologies,EQ
SOUTHBANK,The South Indian Bank,EQ
SPAL,S. P. Apparels,EQ
SPARC,Sun Pharma Advanced Research Company,EQ
SPECIALITY,Speciality Restaurants,EQ
SPENTEX,Spentex Industries,BE
SPHEREGSL,Sphere Global Services,EQ
SPIC,Southern Petrochemicals Industries Corporation ,EQ
SPICEMOBI,Spice Mobility,EQ
SPLIL,SPL Industries,EQ
SPMLINFRA,SPML Infra,EQ
SPTL,Sintex Plastics Technology,EQ
SPYL,Shekhawati Poly-Yarn,BE
SQSBFSI,SQS India BFSI,EQ
SREEL,Sreeleathers,EQ
SREINFRA,SREI Infrastructure Finance,EQ
SRF,SRF,EQ
SRHHYPO,Sree Rayalaseema Hi-Strength Hypo,EQ
SRIPIPES,Srikalahasthi Pipes,EQ
SRS,SRS,EQ
SRTRANSFIN,Shriram Transport Finance Company,EQ
SSWL,Steel Strips Wheels,EQ
STAMPEDE,Stampede Capital,BE
STAR,Strides Shasun,EQ
STARCEMENT,Star Cement,EQ
STARPAPER,Star Paper Mills,EQ
STCINDIA,The State Trading Corporation of India,BE
STEELXIND,STEEL EXCHANGE INDIA LIMITE,EQ
STEL,Stel Holdings,EQ
STERLINBIO,Sterling Biotech,EQ
STERTOOLS,Sterling Tools,EQ
STINDIA,STI India,BE
STRTECH,Sterlite Technologies,EQ
SUBEX,Subex,EQ
SUBROS,Subros,EQ
SUDARSCHEM,Sudarshan Chemical Industries,EQ
SUJANAUNI,Sujana Universal Industries,BE
SUMEETINDS,Sumeet Industries,EQ
SUMMITSEC,Summit Securities,EQ
SUNCLAY,Sundaram Clayton,EQ
SUNDARAM,Sundaram Multi Pap,EQ
SUNDARMFIN,Sundaram Finance,BE
SUNDRMBRAK,Sundaram Brake Linings,EQ
SUNDRMFAST,Sundram Fasteners,EQ
SUNFLAG,Sunflag Iron And Steel Company,EQ
SUNILHITEC,Sunil Hitech Engineers,EQ
SUNPHARMA,Sun Pharmaceutical Industries,EQ
SUNTECK,Sunteck Realty,EQ
SUNTV,Sun TV Network,EQ
SUPERHOUSE,Superhouse,EQ
SUPERSPIN,Super Spinning Mills,BE
SUPPETRO,Supreme Petrochem,EQ
SUPRAJIT,Suprajit Engineering,EQ
SUPREMEIND,Supreme Industries,EQ
SUPREMEINF,Supreme Infrastructure India,EQ
SUPREMETEX,Supreme Tex Mart,EQ
SURANACORP,Surana Corporation,BE
SURANAIND,Surana Industries,EQ
SURANASOL,Surana Solar,BE
SURANAT&P,Surana Telecom and Power,BE
SURYALAXMI,Suryalakshmi Cotton Mills,EQ
SURYAROSNI,Surya Roshni,EQ
SUTLEJTEX,Sutlej Textiles and Industries,EQ
SUVEN,Suven Life Sciences,EQ
SUZLON,Suzlon Energy,EQ
SWANENERGY,Swan Energy,EQ
SWARAJENG,Swaraj Engines,EQ
SWELECTES,Swelect Energy Systems,EQ
SYMPHONY,Symphony,EQ
SYNCOM,Syncom Healthcare,EQ
SYNDIBANK,Syndicate Ban,EQ
SYNGENE,Syngene International,EQ
TAINWALCHM,Tainwala Chemical and Plastic (I),EQ
TAJGVK,Taj GVK Hotels & Resorts,EQ
TAKE,Take Solutions,EQ
TALBROAUTO,Talbros Automotive Components,EQ
TALWALKARS,Talwalkars Better Value Fitness,EQ
TANLA,Tanla Solutions,EQ
TANTIACONS,Tantia Constructions,BE
TARAJEWELS,Tara Jewels,EQ
TARAPUR,Tarapur Transformers,EQ
TARMAT,Tarmat,EQ
TASTYBITE,Tasty Bite Eatables,EQ
TATACHEM,Tata Chemicals,EQ
TATACHEM,Tata Chemicals,IL
TATACOFFEE,Tata Coffee,EQ
TATACOMM,Tata Communications,EQ
TATAELXSI,Tata Elxsi,EQ
TATAGLOBAL,Tata Global Beverages,EQ
TATAINVEST,Tata Investment Corporation,EQ
TATAMETALI,Tata Metaliks,EQ
TATAMOTORS,Tata Motors,EQ
TATAMTRDVR,Tata Motors,EQ
TATAPOWER,Tata Power Company,EQ
TATASPONGE,Tata Sponge Iron,EQ
TATASTEEL,Tata Steel,EQ
TBZ,Tribhovandas Bhimji Zaveri,EQ
TCI,Transport Corporation of India,EQ
TCIDEVELOP,TCI Developers,BE
TCIEXP,TCI Express,EQ
TCIFINANCE,TCI Finance,EQ
TCPLPACK,TCPL Packaging,EQ
TCS,Tata Consultancy Services,EQ
TDPOWERSYS,TD Power Systems,EQ
TEAMLEASE,Teamlease Services,EQ
TEAMLEASE,Teamlease Services,IL
TECHIN,Techindia Nirman,BE
TECHM,Tech Mahindra,EQ
TECHNO,Techno Electric & Engineering Company,EQ
TECHNOFAB,Technofab Engineering,BE
TEJASNET,Tejas Networks,EQ
TERASOFT,Tera Software,EQ
TEXINFRA,Texmaco Infrastructure & Holdings,EQ
TEXMOPIPES,Texmo Pipes and Products,BE
TEXRAIL,Texmaco Rail & Engineering,EQ
TFCI,Tourism Finance Corporation of India,EQ
TFL,Transwarranty Finance,BE
TGBHOTELS,TGB Banquets And Hotels,EQ
THANGAMAYL,Thangamayil Jewellery,EQ
THEMISMED,Themis Medicare,EQ
THERMAX,Thermax,EQ
THIRUSUGAR,Thiru Arooran Sugars,EQ
THOMASCOOK,Thomas Cook  (India) ,EQ
THOMASCOTT,Thomas Scott (India),BE
THYROCARE,Thyrocare Technologies,EQ
TI,Tilaknagar Industries,BE
TIDEWATER,Tide Water Oil Company (India),EQ
TIFIN,TI Financial Holdings,EQ
TIIL,Technocraft Industries (India),EQ
TIINDIA,Tube Investments of India,EQ
TIJARIA,Tijaria Polypipes,BE
TIL,TIL,EQ
TIMESGTY,Times Guaranty,EQ
TIMETECHNO,Time Technoplast,EQ
TIMKEN,Timken India,EQ
TINPLATE,The Tinplate Company of India,EQ
TIPSIND,TIPS Industries,BE
TIRUMALCHM,Thirumalai Chemicals,EQ
TITAN,Titan Company,EQ
TMRVL,The Mandhana Retail Ventures,EQ
TNPETRO,Tamilnadu PetroProducts,EQ
TNPL,Tamil Nadu Newsprint & Papers,EQ
TNTELE,Tamilnadu Telecommunication,BE
TODAYS,Todays Writing Instruments,EQ
TOKYOPLAST,Tokyo Plast International,EQ
TORNTPHARM,Torrent Pharmaceuticals,EQ
TORNTPOWER,Torrent Power,EQ
TPLPLASTEH,TPL Plastech,EQ
TREEHOUSE,Tree House Education & Accessories,BE
TRENT,Trent,EQ
TRENT,Trent,IL
TRF,TRF,BE
TRIDENT,Trident,EQ
TRIGYN,Trigyn Technologies,EQ
TRIL,Transformers And Rectifiers (India),EQ
TRITURBINE,Triveni Turbine,EQ
TRIVENI,Triveni Engineering & Industries,EQ
TTKHLTCARE,TTK Healthcare,EQ
TTKPRESTIG,TTK Prestige,EQ
TTL,T T,EQ
TTML,Tata Teleservices (Maharashtra),BE
TULSI,Tulsi Extrusions,EQ
TV18BRDCST,TV18 Broadcast,EQ
TVSELECT,TVS Electronics,BE
TVSMOTOR,TVS Motor Company,EQ
TVSSRICHAK,TVS Srichakra,EQ
TVTODAY,TV Today Network,EQ
TVVISION,TV Vision,BE
TWL,Titagarh Wagons,EQ
UBL,United Breweries,EQ
UCALFUEL,Ucal Fuel Systems,EQ
UCOBANK,UCO Ban,EQ
UFLEX,UFLEX,EQ
UFO,UFO Moviez India,EQ
UGARSUGAR,The Ugar Sugar Works,EQ
UJAAS,Ujaas Energy,EQ
UJJIVAN,Ujjivan Financial Services,EQ
UJJIVAN,Ujjivan Financial Services,IL
ULTRACEMCO,UltraTech Cement,EQ
UMANGDAIRY,Umang Dairies,EQ
UMES,Usha Martin Education & Solutions,EQ
UNICHEMLAB,Unichem Laboratories,EQ
UNIENTER,Uniphos Enterprises,EQ
UNIONBANK,Union Bank of Indi,EQ
UNIPLY,Uniply Industries,EQ
UNITECH,Unitech,EQ
UNITEDBNK,United Bank of Indi,EQ
UNITEDTEA,The United Nilgiri Tea Estates Company,BE
UNITY,Unity Infraprojects,BE
UNIVCABLES,Universal Cables,EQ
UPL,UPL,EQ
URJA,Urja Global,BE
USHAMART,Usha Martin,EQ
USHERAGRO,Usher Agro,BE
UTTAMSTL,Uttam Galva Steels,BE
UTTAMSUGAR,Uttam Sugar Mills,EQ
UVSL,Uttam Value Steels,EQ
V2RETAIL,V2 Retail,EQ
VADILALIND,Vadilal Industries,EQ
VAIBHAVGBL,Vaibhav Global,EQ
VAKRANGEE,Vakrangee,EQ
VALUEIND,Value Industries,BZ
VARDHACRLC,Vardhman Acrylics,EQ
VARDMNPOLY,Vardhman Polytex,EQ
VASCONEQ,Vascon Engineers,EQ
VASWANI,Vaswani Industries,EQ
VBL,Varun Beverages,EQ
VEDL,Vedanta,EQ
VENKEYS,Venky's (India),EQ
VENUSREM,Venus Remedies,EQ
VESUVIUS,Vesuvius India,EQ
VETO,Veto Switchgears And Cables,EQ
VGUARD,V-Guard Industries,EQ
VHL,Vardhman Holdings,EQ
VICEROY,Viceroy Hotels,EQ
VIDEOIND,Videocon Industries,EQ
VIDHIING,Vidhi Specialty Food Ingredients,EQ
VIJAYABANK,Vijaya Ban,EQ
VIJIFIN,Viji Finance,BE
VIJSHAN,Vijay Shanthi Builders,EQ
VIKASECO,Vikas EcoTech,EQ
VIMALOIL,Vimal Oil & Foods,BE
VIMTALABS,Vimta Labs,EQ
VINATIORGA,Vinati Organics,EQ
VINDHYATEL,Vindhya Telelinks,EQ
VINYLINDIA,Vinyl Chemicals (India),EQ
VIPCLOTHNG,VIP Clothing,EQ
